obra,obraId,codigoEvweb,descripcion,param1,param2
PAMI,382,9000,EVALUACION PRE ANESTESICA-EV,,
FEDERACION PATRONAL ART,228,9000,EVALUACION PRE ANESTESICA-EV,,
OMINT ART,119,9000,EVALUACION PRE ANESTESICA-EV,,
EXPERTA ART,258,9000,EVALUACION PRE ANESTESICA-EV,,
ANDINA ART,433,9000,EVALUACION PRE ANESTESICA-EV,,
BERKLEY,227,9000,EVALUACION PRE ANESTESICA-EV,,
LA HOLANDO ART,5,9000,EVALUACION PRE ANESTESICA-EV,,
PREVENCION,263,9000,EVALUACION PRE ANESTESICA-EV,,
PROVINCIA ART,420,9000,EVALUACION PRE ANESTESICA-EV,,
